{
  "model_config": {
    "num_classes": 9,
    "sequence_length": 10,
    "feature_size": 63,
    "class_names": [
      0,
      1,
      2,
      3,
      4,
      5,
      6,
      7,
      8
    ],
    "model_type": "Conv1D"
  },
  "epoch_metrics": {
    "epoch": [
      1,
      2,
      3,
      4,
      5,
      6,
      7,
      8,
      9,
      10,
      11,
      12,
      13,
      14,
      15,
      16,
      17,
      18,
      19,
      20,
      21,
      22,
      23,
      24,
      25,
      26,
      27,
      28,
      29,
      30,
      31,
      32,
      33,
      34,
      35,
      36,
      37,
      38,
      39,
      40,
      41,
      42,
      43,
      44,
      45,
      46,
      47,
      48,
      49,
      50,
      51,
      52,
      53,
      54,
      55,
      56,
      57,
      58,
      59,
      60,
      61,
      62,
      63,
      64,
      65,
      66,
      67,
      68,
      69,
      70,
      71,
      72,
      73,
      74,
      75,
      76,
      77,
      78,
      79,
      80,
      81,
      82,
      83,
      84,
      85,
      86,
      87,
      88,
      89,
      90,
      91,
      92,
      93,
      94,
      95,
      96,
      97,
      98,
      99,
      100,
      101,
      102,
      103,
      104,
      105,
      106,
      107,
      108,
      109,
      110,
      111,
      112,
      113,
      114,
      115,
      116,
      117,
      118,
      119,
      120,
      121,
      122,
      123,
      124,
      125,
      126,
      127,
      128,
      129,
      130,
      131,
      132
    ],
    "train_loss": [
      2.4921388626098633,
      1.9932465553283691,
      1.7226327657699585,
      1.5023335218429565,
      1.4607359170913696,
      1.4365510940551758,
      1.2384536266326904,
      1.196326732635498,
      1.1366691589355469,
      1.0691351890563965,
      1.0403944253921509,
      0.9505355954170227,
      0.9540436267852783,
      0.9630898833274841,
      0.8297539353370667,
      0.8115159869194031,
      0.7718757390975952,
      0.7692615389823914,
      0.7118909358978271,
      0.7061839699745178,
      0.6877073645591736,
      0.6370002031326294,
      0.5997294783592224,
      0.601487934589386,
      0.555976390838623,
      0.5597367882728577,
      0.5148941278457642,
      0.537808358669281,
      0.5001087188720703,
      0.5127381086349487,
      0.5318723917007446,
      0.45231902599334717,
      0.43419501185417175,
      0.4232313930988312,
      0.4041054844856262,
      0.3798981308937073,
      0.37300047278404236,
      0.366283118724823,
      0.3480859100818634,
      0.4323352873325348,
      0.393494576215744,
      0.3398537039756775,
      0.294080913066864,
      0.33680325746536255,
      0.281145304441452,
      0.31849321722984314,
      0.32417890429496765,
      0.33862119913101196,
      0.23755092918872833,
      0.2915491461753845,
      0.2807047963142395,
      0.31781065464019775,
      0.29245010018348694,
      0.3117729723453522,
      0.2906658351421356,
      0.29484036564826965,
      0.23783665895462036,
      0.22544293105602264,
      0.19918140769004822,
      0.20876359939575195,
      0.19208760559558868,
      0.1980554610490799,
      0.19700473546981812,
      0.20515544712543488,
      0.15765883028507233,
      0.23489180207252502,
      0.1633732169866562,
      0.17121519148349762,
      0.17446446418762207,
      0.14004841446876526,
      0.15919500589370728,
      0.16846153140068054,
      0.15225286781787872,
      0.17761360108852386,
      0.13351567089557648,
      0.14647544920444489,
      0.17705786228179932,
      0.17972378432750702,
      0.1302940547466278,
      0.15818847715854645,
      0.16491393744945526,
      0.16964857280254364,
      0.1894196718931198,
      0.14646774530410767,
      0.13205920159816742,
      0.1215539202094078,
      0.1324767917394638,
      0.1293010264635086,
      0.13163834810256958,
      0.11790741235017776,
      0.1142115443944931,
      0.12122195214033127,
      0.11665619909763336,
      0.13209576904773712,
      0.12967225909233093,
      0.1332385092973709,
      0.09772560000419617,
      0.13656985759735107,
      0.15149083733558655,
      0.1183844581246376,
      0.12093035876750946,
      0.08639358729124069,
      0.10305848717689514,
      0.11375546455383301,
      0.10777197033166885,
      0.1325281858444214,
      0.11555512994527817,
      0.11850787699222565,
      0.10190761089324951,
      0.08796916902065277,
      0.10066058486700058,
      0.09178125113248825,
      0.10543085634708405,
      0.1372162103652954,
      0.10807539522647858,
      0.09221117943525314,
      0.0887463390827179,
      0.113853320479393,
      0.11730373650789261,
      0.08516761660575867,
      0.06899084895849228,
      0.0961635559797287,
      0.09488718211650848,
      0.09609510749578476,
      0.09382782131433487,
      0.08765627443790436,
      0.12053751945495605,
      0.09580795466899872,
      0.06982976943254471,
      0.07483112066984177,
      0.1372014284133911,
      0.09056815505027771
    ],