{
  "model_config": {
    "num_classes": 8,
    "sequence_length": 10,
    "feature_size": 63,
    "class_names": [
      0,
      1,
      2,
      3,
      4,
      5,
      6,
      7
    ],
    "model_type": "Conv1D"
  },
  "epoch_metrics": {
    "epoch": [
      1,
      2,
      3,
      4,
      5,
      6,
      7,
      8,
      9,
      10,
      11,
      12,
      13,
      14,
      15,
      16,
      17,
      18,
      19,
      20,
      21,
      22,
      23,
      24,
      25,
      26,
      27,
      28,
      29,
      30,
      31,
      32,
      33,
      34,
      35,
      36,
      37,
      38,
      39,
      40,
      41,
      42,
      43,
      44,
      45,
      46,
      47,
      48,
      49,
      50,
      51,
      52,
      53,
      54,
      55,
      56,
      57,
      58,
      59,
      60,
      61,
      62,
      63,
      64,
      65,
      66,
      67,
      68,
      69,
      70,
      71,
      72,
      73,
      74,
      75,
      76,
      77,
      78,
      79,
      80,
      81,
      82
    ],
    "train_loss": [
      2.0959174633026123,
      1.6107218265533447,
      1.3808515071868896,
      1.2959617376327515,
      1.1313085556030273,
      1.0205539464950562,
      1.003237009048462,
      0.8821638226509094,
      0.8599521517753601,
      0.7747285962104797,
      0.7832242250442505,
      0.657705545425415,
      0.6445818543434143,
      0.6032711863517761,
      0.5956854224205017,
      0.5530440807342529,
      0.5474643111228943,
      0.49453669786453247,
      0.48752281069755554,
      0.4281584918498993,
      0.39254990220069885,
      0.3898211121559143,
      0.35493794083595276,
      0.35116347670555115,
      0.28715980052948,
      0.31404444575309753,
      0.30722635984420776,
      0.32273024320602417,
      0.3186427652835846,
      0.302165687084198,
      0.2516789138317108,
      0.24859315156936646,
      0.251121461391449,
      0.26136863231658936,
      0.22537699341773987,
      0.2266584038734436,
      0.19615574181079865,
      0.23567712306976318,
      0.2044069617986679,
      0.2430519014596939,
      0.1728896200656891,
      0.2035003900527954,
      0.1859372854232788,
      0.16377681493759155,
      0.18244333565235138,
      0.18866093456745148,
      0.09748058021068573,
      0.11947843432426453,
      0.16717827320098877,
      0.22054801881313324,
      0.20106004178524017,
      0.22947868704795837,
      0.15650153160095215,
      0.1271788477897644,
      0.09888322651386261,
      0.11978019028902054,
      0.1137281060218811,
      0.11532675474882126,
      0.10471534729003906,
      0.10545025020837784,
      0.10789729654788971,
      0.09109141677618027,
      0.09475787729024887,
      0.1092260479927063,
      0.08861687779426575,
      0.0700473040342331,
      0.11497998237609863,
      0.12472744286060333,
      0.15662308037281036,
      0.10701989382505417,
      0.1129121482372284,
      0.08873268961906433,
      0.07586796581745148,
      0.07215996086597443,
      0.10430805385112762,
      0.06427762657403946,
      0.060925956815481186,
      0.0527382493019104,
      0.05754539370536804,
      0.048704762011766434,
      0.06244565173983574,
      0.06853991746902466
    ],
    "train_accuracy": [
      0.2758007049560547,
      0.45373666286468506,
      0.5160142183303833,
      0.5533807873725891,
      0.6120996475219727,
      0.6227757930755615,
      0.6476868391036987,
      0.7188612222671509,
      0.7028470039367676,
      0.7348754405975342,
      0.7366548180580139,
      0.7989323735237122,
      0.7846975326538086,
      0.7989323735237122,
      0.8167259693145752,
      0.836298942565918,
      0.8274021148681641,
      0.836298942565918,
      0.8576512336730957,
      0.8754448294639587,
      0.8790035843849182,
      0.8985764980316162,
      0.8950178027153015,
      0.8950178027153015,
      0.9217081665992737,
      0.900355875492096,
      0.9128113985061646,
      0.9056939482688904,
      0.9074733257293701,
      0.9128113985061646,
      0.9323843121528625,
      0.9270462393760681,
      0.9252669215202332,
      0.9306049942970276,
      0.9412811398506165,
      0.9270462393760681,
      0.9519572854042053,
      0.9252669215202332,
      0.9483985900878906,
      0.9110320210456848,
      0.9519572854042053,
      0.9466192126274109,
      0.9448398351669312,
      0.9519572854042053,
      0.9430605173110962,
      0.9412811398506165,
      0.9768683314323425,
      0.9750889539718628,
      0.9430605173110962,
      0.9341636896133423,
      0.9448398351669312,
      0.9306049942970276,
      0.9590747356414795,
      0.9608541131019592,
      0.9750889539718628,
      0.9590747356414795,
      0.9733096361160278,
      0.9697508811950684,
      0.9786477088928223,
      0.9697508811950684,
      0.9626334309577942,
      0.9786477088928223,
      0.9750889539718628,
      0.9750889539718628,
      0.9786477088928223,
      0.9893238544464111,
      0.9733096361160278,
      0.9555160403251648,
      0.9501779079437256,
      0.9679715037345886,
      0.9786477088928223,
      0.9715302586555481,
      0.9804270267486572,
      0.9786477088928223,
      0.9715302586555481,
      0.9875444769859314,
      0.9839857816696167,
      0.9857650995254517,
      0.9911032319068909,
      0.9911032319068909,
      0.9893238544464111,
      0.9786477088928223
    ],
    "val_loss": [
      1.949129581451416,
      1.8329094648361206,
      1.7496551275253296,
      1.6664806604385376,
      1.5752358436584473,
      1.4520881175994873,
      1.3688135147094727,
      1.2866227626800537,
      1.134604573249817,
      1.0446629524230957,
      0.9565345048904419,
      0.9249181747436523,
      0.8214296698570251,
      0.8075096607208252,
      0.6527473330497742,
      0.690801203250885,
      0.5105692744255066,
      0.48015931248664856,
      0.4592624008655548,
      0.38800546526908875,
      0.34161779284477234,
      0.36088648438453674,
      0.40129032731056213,
      0.32788750529289246,
      0.3372112214565277,
      0.3679446280002594,
      0.2542732357978821,
      0.2856128215789795,
      0.38175100088119507,
      0.24261686205863953,
      0.24158161878585815,
      0.22080989181995392,
      0.16331925988197327,
      0.1714128851890564,
      0.2012834995985031,
      0.14229778945446014,
      0.18693667650222778,
      0.17901663482189178,
      0.1512388437986374,
      0.16274750232696533,
      0.12049412727355957,
      0.14685487747192383,
      0.1102055013179779,
      0.12815755605697632,
      0.10820648819208145,
      0.14776264131069183,
      0.13057097792625427,
      0.12313074618577957,
      0.13386061787605286,
      0.31336715817451477,
      0.1908513605594635,
      0.1615457385778427,
      0.14905893802642822,
      0.15021191537380219,
      0.142064169049263,
      0.10493868589401245,
      0.07935591787099838,
      0.08411658555269241,
      0.062309786677360535,
      0.05838039889931679,
      0.05680839717388153,
      0.046741802245378494,
      0.04830969125032425,
      0.053185831755399704,
      0.06155356019735336,
      0.09125106036663055,
      0.06213861703872681,
      0.09878592193126678,
      0.11740383505821228,
      0.10707651078701019,
      0.09032364189624786,
      0.07339044660329819,
      0.06437911838293076,
      0.06409197300672531,
      0.06957799196243286,
      0.06447112560272217,
      0.06509583443403244,
      0.0653642937541008,
      0.06211739033460617,
      0.05796370655298233,
      0.05720541253685951,
      0.05846121907234192
    ],